"","","","1-12歲","","13-19歲","","20-29歲","","30-39歲","","40-49歲","","50-59歲","","60歲以上","",""
"","","","1-12Years","","13-19Years","","20-29Years","","30-39Years","","40-49Years","","50-59Years","","60Years and Over","",""
"年別","月份","居住地","男","女","男","女","男","女","男","女","男","女","男","女","男","女","小計"
"Years","Months","Residence","Male","Female","Male","Female","Male","Female","Male","Female","Male","Female","Male","Female","Male","Female","Total"
"108","1","亞洲地區(Asia)","58760","56138","31857","35861","69533","97880","109142","121297","138813","133651","101657","87607","81781","67643","1191620"
"108","1","非洲地區(Africa)","0","0","0","0","0","0","1","1","0","0","1","0","0","0","3"
"108","1","美洲地區(Americas)","2165","1988","2140","1997","5529","6317","4732","5526","5938","5883","4709","5109","5585","5723","63341"
"108","1","大洋洲地區(Oceania)","1230","1158","885","839","1142","1537","1306","1850","1477","2218","1095","1642","1450","1716","19545"
"108","1","歐洲地區(Europe)","651","630","738","809","1753","2693","2311","3091","2122","3268","1815","2637","1227","1441","25186"
"108","1","其他未列明(Unknow)","0","0","0","0","7","0","2","0","5","0","6","0","7","0","27"
"108","2","亞洲地區(Asia)","57005","53584","28881","30244","90717","120015","142265","149521","149342","134109","126769","108981","96776","79802","1368011"
"108","2","非洲地區(Africa)","0","0","0","0","0","0","1","0","0","0","0","0","0","0","1"
"108","2","美洲地區(Americas)","1158","1059","623","604","2774","3745","4631","5557","4392","4724","4198","5385","5640","6380","50870"
"108","2","大洋洲地區(Oceania)","781","729","457","443","1906","2836","1804","2659","1257","1806","1368","2117","1810","2181","22154"
"108","2","歐洲地區(Europe)","342","309","275","274","1473","2462","2700","3678","2041","2831","1916","2612","1333","1423","23669"
"108","2","其他未列明(Unknow)","132","123","56","55","164","150","260","237","388","391","477","490","443","545","3911"
"108","3","亞洲地區(Asia)","30517","29812","7266","9284","77972","114201","135510","147234","133861","120026","118351","121181","119673","112847","1277735"
"108","3","非洲地區(Africa)","0","0","0","0","0","0","0","0","1","0","0","1","1","0","3"
"108","3","美洲地區(Americas)","835","765","666","435","2601","3400","4687","5135","4969","4492","4237","5570","6785","7880","52457"
"108","3","大洋洲地區(Oceania)","470","450","246","212","1232","1838","1632","2398","1172","1611","1116","1875","1768","2178","18198"
"108","3","歐洲地區(Europe)","230","252","75","95","1507","2594","3439","4542","2643","3619","2479","4193","2415","3316","31399"
"108","3","其他未列明(Unknow)","427","393","139","116","543","764","1015","1220","1566","1628","1961","2072","2029","2361","16234"
"108","4","亞洲地區(Asia)","33724","32936","10282","12536","69618","101434","130665","141420","137860","122328","127899","128378","133080","125852","1308012"
"108","4","非洲地區(Africa)","0","0","0","0","0","0","0","0","0","0","0","0","0","0","0"
"108","4","美洲地區(Americas)","838","891","449","462","1973","2654","4049","4569","4487","3992","4228","5316","7815","9413","51136"
"108","4","大洋洲地區(Oceania)","441","477","178","184","1073","1633","1389","2111","1084","1632","1227","2193","2056","2547","18225"
"108","4","歐洲地區(Europe)","260","234","152","163","1218","2199","2553","3458","2002","2997","2393","4520","3170","4536","29855"
"108","4","其他未列明(Unknow)","262","256","116","126","296","350","425","520","795","917","1023","1034","958","1100","8178"
"108","5","亞洲地區(Asia)","33750","33253","12466","16274","71429","102721","134418","143124","142588","125977","127761","127723","137747","131318","1340549"
"108","5","非洲地區(Africa)","0","0","0","0","0","0","0","0","0","0","0","0","5","0","5"
"108","5","美洲地區(Americas)","900","889","544","481","2610","3776","4776","5440","4910","4550","5600","7397","9561","11293","62727"
"108","5","大洋洲地區(Oceania)","328","368","230","295","1126","1739","1489","2116","1129","1673","1081","1888","1722","2103","17287"
"108","5","歐洲地區(Europe)","313","297","262","318","1220","2244","2886","3906","2566","3566","2962","5061","3804","5278","34683"
"108","5","其他未列明(Unknow)","152","158","74","87","205","212","407","352","984","860","1310","1179","1276","1252","8508"
"108","6","亞洲地區(Asia)","56847","55478","31277","38358","84131","124480","130822","146085","152131","149972","124869","122644","118010","110976","1446080"
"108","6","非洲地區(Africa)","0","0","0","0","0","0","0","0","1","0","1","0","0","0","2"
"108","6","美洲地區(Americas)","2656","2479","1949","2056","2865","4242","4253","4891","5376","5825","4806","6119","7460","8787","63764"
"108","6","大洋洲地區(Oceania)","822","724","689","745","1402","2194","1181","1868","1327","1985","1106","1721","1437","1717","18918"
"108","6","歐洲地區(Europe)","813","781","750","873","1394","2435","2624","3476","2703","4028","2905","4414","3194","3903","34293"
"108","6","其他未列明(Unknow)","194","181","196","162","352","435","431","573","657","824","782","1033","812","986","7618"
"108","7","亞洲地區(Asia)","85737","81095","64034","72115","75722","103372","110031","126572","168191","172922","122572","105235","95187","84282","1467067"
"108","7","非洲地區(Africa)","0","0","0","0","0","0","0","1","1","2","0","0","2","0","6"
"108","7","美洲地區(Americas)","3401","3238","3272","3442","2906","3735","3241","3902","5366","6656","3919","4852","4664","5320","57914"
"108","7","大洋洲地區(Oceania)","1047","944","1234","1316","1164","1851","838","1296","1357","2081","986","1323","858","1016","17311"
"108","7","歐洲地區(Europe)","1293","1223","1580","1894","1586","2477","1661","2403","2546","4476","2377","3342","1582","2009","30449"
"108","7","其他未列明(Unknow)","153","164","239","315","385","596","436","689","688","1147","831","1161","646","819","8269"
"108","8","亞洲地區(Asia)","68329","64548","49379","55795","82709","111957","111144","120371","151814","151556","119808","105687","93978","80497","1367572"
"108","8","非洲地區(Africa)","0","0","1","0","0","0","0","0","0","0","0","0","0","0","1"
"108","8","美洲地區(Americas)","2476","2405","3129","3074","4883","5523","3513","3821","4925","6174","4459","5552","4371","4514","58819"
"108","8","大洋洲地區(Oceania)","1197","1090","1223","1246","1598","2385","1297","2010","1934","2823","1468","2036","1259","1533","23099"
"108","8","歐洲地區(Europe)","972","994","1197","1467","2006","3243","1874","2739","2451","4093","2670","3837","2087","2354","31984"
"108","8","其他未列明(Unknow)","12","9","7","3","26","4","15","3","28","9","30","7","37","4","194"
"108","9","亞洲地區(Asia)","26929","26461","7677","9814","82043","115437","133506","137899","130640","113193","119503","118400","118093","108395","1247990"
"108","9","非洲地區(Africa)","0","0","0","0","0","0","0","0","0","0","0","0","0","0","0"
"108","9","美洲地區(Americas)","929","952","787","916","4055","5202","5009","5890","4981","4892","5000","7008","7673","8840","62134"
"108","9","大洋洲地區(Oceania)","329","341","113","204","1456","2409","1583","2248","1120","1614","1190","2115","1727","2057","18506"
"108","9","歐洲地區(Europe)","295","272","251","287","2241","3709","3577","4683","3215","4121","3335","5293","3817","4478","39574"
"108","9","其他未列明(Unknow)","57","58","16","22","120","139","149","156","271","370","478","649","671","830","3986"
"108","10","亞洲地區(Asia)","34178","33607","8497","10377","78364","116783","147707","159037","146283","133498","134168","138916","133147","125177","1399739"
"108","10","非洲地區(Africa)","0","0","0","0","3","0","0","0","1","0","0","0","0","0","4"
"108","10","美洲地區(Americas)","740","787","283","330","2574","4001","5105","5901","5032","4810","4761","6555","7589","8906","57374"
"108","10","大洋洲地區(Oceania)","548","466","185","179","1330","2326","1769","2625","1293","1990","1322","2374","1726","2319","20452"
"108","10","歐洲地區(Europe)","232","255","119","126","1546","2681","3342","4627","2735","4115","3113","5422","3437","4217","35967"
"108","10","其他未列明(Unknow)","134","108","26","25","137","195","205","274","266","373","370","487","501","537","3638"
"108","11","亞洲地區(Asia)","23672","23450","5524","6786","65260","96035","128407","136275","132638","120338","124362","129025","127824","121306","1240902"
"108","11","非洲地區(Africa)","0","0","0","0","0","0","0","0","0","0","0","0","0","0","0"
"108","11","美洲地區(Americas)","674","655","125","143","2139","2743","4080","4577","4395","3996","4109","5592","7089","8461","48778"
"108","11","大洋洲地區(Oceania)","369","337","45","62","1159","1848","1512","2160","1071","1655","1211","2043","1955","2281","17708"
"108","11","歐洲地區(Europe)","193","202","96","96","1282","2095","2706","3492","2380","3305","2295","3891","2091","2880","27004"
"108","11","其他未列明(Unknow)","275","240","124","114","375","387","597","587","947","942","1151","1101","1143","1188","9171"
"108","12","亞洲地區(Asia)","25939","25430","8256","9722","71369","101825","125464","129142","125075","104597","104834","95954","94004","80585","1102196"
"108","12","非洲地區(Africa)","0","0","0","0","0","0","0","0","1","0","0","0","1","0","2"
"108","12","美洲地區(Americas)","1008","1070","403","403","2513","3733","3955","4879","4084","4022","3890","4890","5722","6634","47206"
"108","12","大洋洲地區(Oceania)","434","437","153","155","1197","2009","1480","2224","920","1398","1031","1768","1606","1920","16732"
"108","12","歐洲地區(Europe)","257","284","111","112","1161","2136","2085","3154","1382","2438","1331","2569","986","1514","19520"
"108","12","其他未列明(Unknow)","141","145","47","43","168","213","302","345","598","601","792","834","793","841","5863"
"109","1","亞洲地區(Asia)","64085","57267","38110","38672","81095","105811","114129","129081","137404","139518","106547","97955","87501","77769","1274944"
"109","1","非洲地區(Africa)","0","0","0","0","0","0","0","0","0","0","0","0","2","0","2"
"109","1","美洲地區(Americas)","2308","2102","2216","2063","6571","7609","5792","6799","6368","6440","5478","6203","9093","9393","78435"
"109","1","大洋洲地區(Oceania)","1657","1398","1036","951","1512","1911","1748","2552","1966","2617","1454","1976","1919","2106","24803"
"109","1","歐洲地區(Europe)","644","555","764","840","2175","3327","2537","3445","2206","3184","2201","3008","1445","1614","27945"
"109","1","其他未列明(Unknow)","323","334","266","256","254","240","245","330","550","708","589","656","637","703","6091"
"109","2","亞洲地區(Asia)","22218","21618","12293","14145","40206","53149","54620","55644","59000","54455","41559","36050","26761","25793","517511"
"109","2","非洲地區(Africa)","0","0","0","0","0","0","0","0","0","1","0","0","0","0","1"
"109","2","美洲地區(Americas)","819","849","349","359","2371","3282","3871","4599","3383","3634","2987","4431","5866","7529","44329"
"109","2","大洋洲地區(Oceania)","746","696","370","391","2290","3312","1772","2742","1086","1609","1038","1638","1538","2034","21262"
"109","2","歐洲地區(Europe)","251","255","169","213","1349","2165","2043","2915","1544","2171","1310","2044","821","1075","18325"
"109","2","其他未列明(Unknow)","119","105","63","83","87","113","92","104","165","202","161","173","145","171","1783"
"109","3","亞洲地區(Asia)","2578","2431","1092","1077","5962","5935","10775","7296","12154","5903","9864","4806","6305","3087","79265"
"109","3","非洲地區(Africa)","0","0","0","0","0","0","0","0","0","0","0","0","0","0","0"
"109","3","美洲地區(Americas)","158","181","62","54","613","871","1108","1306","917","1001","950","1380","2130","2682","13413"
"109","3","大洋洲地區(Oceania)","86","80","20","10","510","737","478","665","266","321","246","377","481","582","4859"
"109","3","歐洲地區(Europe)","31","52","9","13","240","451","377","580","271","415","268","405","194","290","3596"
"109","3","其他未列明(Unknow)","0","0","0","0","14","1","17","0","21","0","16","0","15","0","84"
"109","4","亞洲地區(Asia)","569","510","274","242","710","589","1357","741","1658","809","1282","462","637","254","10094"
"109","4","非洲地區(Africa)","0","0","0","0","0","0","0","0","0","0","0","0","0","0","0"
"109","4","美洲地區(Americas)","16","27","9","6","29","33","62","89","53","64","63","94","131","167","843"
"109","4","大洋洲地區(Oceania)","4","8","0","1","4","4","15","19","11","10","6","9","13","12","116"
"109","4","歐洲地區(Europe)","1","3","0","0","7","16","6","11","3","8","0","6","2","4","67"
"109","4","其他未列明(Unknow)","0","0","0","0","8","0","9","0","17","0","9","0","5","0","48"
"109","5","亞洲地區(Asia)","877","774","456","415","1011","806","1891","1091","2555","1187","1852","743","1091","421","15170"
"109","5","非洲地區(Africa)","0","0","0","0","0","0","0","0","0","0","0","0","0","0","0"
"109","5","美洲地區(Americas)","30","27","6","11","126","139","133","143","87","99","100","201","302","371","1775"
"109","5","大洋洲地區(Oceania)","5","2","0","1","3","4","5","16","5","10","4","8","16","13","92"
"109","5","歐洲地區(Europe)","17","12","2","5","54","119","27","80","15","41","4","24","7","17","424"
"109","5","其他未列明(Unknow)","0","0","0","0","17","1","40","3","38","3","29","2","17","0","150"
"109","6","亞洲地區(Asia)","571","504","126","128","1070","962","1872","1205","2179","907","1611","725","1057","527","13444"
"109","6","非洲地區(Africa)","0","0","0","0","0","0","0","0","0","0","0","0","0","0","0"
"109","6","美洲地區(Americas)","64","53","25","31","274","261","184","245","175","218","262","406","673","816","3687"
"109","6","大洋洲地區(Oceania)","22","32","7","8","8","12","20","53","22","16","18","25","61","62","366"
"109","6","歐洲地區(Europe)","25","29","7","3","97","212","58","113","23","33","11","21","11","22","665"
"109","6","其他未列明(Unknow)","0","0","0","0","18","1","25","0","16","0","10","0","17","0","87"
"109","7","亞洲地區(Asia)","1122","1065","362","395","1647","1310","2323","1481","3378","1549","2853","1264","1914","849","21512"
"109","7","非洲地區(Africa)","0","0","0","0","1","0","0","0","0","0","0","0","0","0","1"
"109","7","美洲地區(Americas)","130","129","130","129","418","496","267","354","252","412","323","488","719","824","5071"
"109","7","大洋洲地區(Oceania)","13","10","3","5","12","7","10","22","7","21","9","11","15","15","160"
"109","7","歐洲地區(Europe)","61","57","15","33","171","328","94","178","56","83","27","59","28","50","1240"
"109","7","其他未列明(Unknow)","0","0","0","1","34","0","21","3","17","0","16","1","28","1","122"
"109","8","亞洲地區(Asia)","1297","1237","606","677","2431","2372","2857","1742","4202","1846","3215","1552","2077","1011","27122"
"109","8","非洲地區(Africa)","0","0","0","0","0","1","2","0","1","0","1","0","1","0","6"
"109","8","美洲地區(Americas)","237","255","599","531","1291","1225","367","482","359","643","339","601","496","564","7989"
"109","8","大洋洲地區(Oceania)","10","3","0","2","2","5","11","18","14","13","8","9","23","16","134"
"109","8","歐洲地區(Europe)","112","118","100","128","475","649","129","235","80","180","36","92","31","51","2416"
"109","8","其他未列明(Unknow)","0","0","2","0","34","3","29","3","18","0","14","0","16","0","119"
"109","9","亞洲地區(Asia)","583","509","298","369","2397","2162","2729","1680","3600","1495","2910","1447","1866","887","22932"
"109","9","非洲地區(Africa)","0","0","0","0","0","0","2","0","0","0","0","0","0","0","2"
"109","9","美洲地區(Americas)","136","119","216","214","660","636","344","430","302","410","342","506","600","736","5651"
"109","9","大洋洲地區(Oceania)","6","6","2","2","7","6","13","12","15","10","10","5","30","25","149"
"109","9","歐洲地區(Europe)","47","39","157","157","690","946","147","226","54","86","37","57","12","32","2687"
"109","9","其他未列明(Unknow)","0","0","8","2","39","7","37","8","22","3","24","6","40","5","201"
"109","10","亞洲地區(Asia)","472","419","149","140","1803","1522","3302","1695","4736","1537","3696","1495","2186","1020","24172"
"109","10","非洲地區(Africa)","0","0","0","0","0","0","0","0","0","0","0","1","0","0","1"
"109","10","美洲地區(Americas)","65","64","63","60","268","305","336","354","271","332","344","537","645","722","4366"
"109","10","大洋洲地區(Oceania)","12","8","0","3","4","9","14","15","16","13","7","17","28","33","179"
"109","10","歐洲地區(Europe)","29","13","38","51","315","574","98","157","63","50","32","65","13","17","1515"
"109","10","其他未列明(Unknow)","0","0","4","0","54","2","23","1","34","0","21","0","18","0","157"
"109","11","亞洲地區(Asia)","324","310","95","80","1452","1146","2655","1313","3395","1119","2436","1110","1651","843","17929"
"109","11","非洲地區(Africa)","0","0","0","0","0","0","1","1","1","0","0","0","0","0","3"
"109","11","美洲地區(Americas)","95","100","47","50","245","341","328","426","334","393","403","623","768","873","5026"
"109","11","大洋洲地區(Oceania)","8","9","0","0","13","7","12","16","17","6","13","13","23","21","158"
"109","11","歐洲地區(Europe)","13","10","13","6","71","102","49","85","30","40","11","35","3","14","482"
"109","11","其他未列明(Unknow)","0","0","0","0","10","1","13","1","9","0","13","0","21","0","68"
"109","12","亞洲地區(Asia)","355","340","95","105","1198","1073","2008","1297","2184","985","1705","1065","1272","745","14427"
"109","12","非洲地區(Africa)","1","1","0","0","0","3","1","0","1","0","0","0","0","0","7"
"109","12","美洲地區(Americas)","138","132","60","80","353","473","354","489","363","394","405","555","650","705","5151"
"109","12","大洋洲地區(Oceania)","13","12","4","4","10","12","15","30","14","17","11","12","26","30","210"
"109","12","歐洲地區(Europe)","10","20","7","6","36","80","36","83","28","37","17","20","9","22","411"
"109","12","其他未列明(Unknow)","0","0","1","0","32","0","25","1","15","1","28","1","8","0","112"
"110","1","亞洲地區(Asia)","433","427","168","141","966","1029","1524","1262","1752","994","1251","967","832","567","12313"
"110","1","非洲地區(Africa)","0","1","1","0","0","0","0","0","1","1","0","1","0","0","5"
"110","1","美洲地區(Americas)","180","213","186","176","1088","1101","735","841","478","527","371","579","659","676","7810"
"110","1","大洋洲地區(Oceania)","10","14","15","12","9","12","17","27","24","26","17","18","34","19","254"
"110","1","歐洲地區(Europe)","16","10","3","10","85","82","85","86","32","40","14","25","6","6","500"
"110","1","其他未列明(Unknow)","0","0","0","0","17","0","10","1","18","0","15","0","26","0","87"
"110","2","亞洲地區(Asia)","542","536","172","157","1907","1703","4614","2239","7398","1817","5867","1445","2241","573","31211"
"110","2","非洲地區(Africa)","0","0","0","0","0","0","0","0","0","0","0","0","0","0","0"
"110","2","美洲地區(Americas)","128","140","52","73","452","499","468","569","323","407","305","463","532","630","5041"
"110","2","大洋洲地區(Oceania)","14","4","5","5","14","8","17","17","9","12","12","11","28","26","182"
"110","2","歐洲地區(Europe)","15","15","6","2","34","67","55","75","30","37","9","22","6","9","382"
"110","2","其他未列明(Unknow)","0","0","0","0","9","0","9","1","9","0","7","0","10","0","45"
"110","3","亞洲地區(Asia)","475","484","92","92","1969","1449","3810","2104","5696","1697","4679","1609","2770","898","27824"
"110","3","非洲地區(Africa)","0","0","0","0","1","0","1","0","0","0","0","0","1","0","3"
"110","3","美洲地區(Americas)","131","158","57","76","395","490","479","621","404","472","338","589","797","988","5995"
"110","3","大洋洲地區(Oceania)","11","12","4","0","23","5","41","36","27","14","17","24","39","27","280"
"110","3","歐洲地區(Europe)","18","12","6","6","63","138","60","94","37","42","25","29","8","16","554"
"110","3","其他未列明(Unknow)","0","0","1","0","13","1","14","1","12","2","19","0","14","0","77"
"110","4","亞洲地區(Asia)","401","388","86","90","1359","1072","2568","1490","3602","1151","3172","1251","2160","801","19591"
"110","4","非洲地區(Africa)","0","0","0","0","0","0","0","0","0","0","0","0","0","0","0"
"110","4","美洲地區(Americas)","142","164","60","58","335","390","395","542","335","414","358","557","945","1162","5857"
"110","4","大洋洲地區(Oceania)","8","4","2","3","18","29","40","43","53","34","29","38","28","27","356"
"110","4","歐洲地區(Europe)","23","19","21","25","63","106","34","79","21","37","14","14","3","16","475"
"110","4","其他未列明(Unknow)","0","0","0","0","5","1","9","1","12","1","7","0","3","0","39"
"110","5","亞洲地區(Asia)","450","384","109","142","1146","944","1960","1229","2617","1208","2049","1402","1579","965","16184"
"110","5","非洲地區(Africa)","0","1","0","0","1","0","0","0","0","0","0","0","1","0","3"
"110","5","美洲地區(Americas)","194","224","64","91","418","567","418","609","373","474","445","767","1374","1736","7754"
"110","5","大洋洲地區(Oceania)","4","5","0","2","21","13","16","27","27","16","22","14","14","14","195"
"110","5","歐洲地區(Europe)","12","7","0","2","37","59","38","63","14","32","2","15","9","18","308"
"110","5","其他未列明(Unknow)","0","0","0","0","10","0","17","0","11","0","6","0","7","0","51"
"110","6","亞洲地區(Asia)","935","947","332","384","1272","1166","1642","1347","2166","1622","1856","1986","1558","1357","18570"
"110","6","非洲地區(Africa)","0","0","0","0","0","0","0","0","0","0","1","1","0","0","2"
"110","6","美洲地區(Americas)","710","662","473","488","983","1289","855","1251","835","1302","1008","1757","2825","3376","17814"
"110","6","大洋洲地區(Oceania)","6","4","2","1","6","8","11","15","10","7","10","12","28","29","149"
"110","6","歐洲地區(Europe)","34","36","9","9","61","74","40","91","25","56","19","43","22","30","549"
"110","6","其他未列明(Unknow)","0","0","0","0","6","0","8","1","5","0","8","0","8","0","36"
"110","7","亞洲地區(Asia)","962","928","369","445","1449","1399","1841","1480","2408","1597","1904","1531","1479","1080","18872"
"110","7","非洲地區(Africa)","4","1","0","0","0","0","1","1","2","1","1","0","0","0","11"
"110","7","美洲地區(Americas)","806","760","650","753","1424","1783","823","1316","932","1555","895","1617","1751","2110","17175"
"110","7","大洋洲地區(Oceania)","20","15","4","4","21","16","13","25","16","28","23","25","36","40","286"
"110","7","歐洲地區(Europe)","36","32","12","12","39","64","39","80","29","39","21","46","21","29","499"
"110","7","其他未列明(Unknow)","0","0","2","0","18","2","30","1","17","1","21","0","16","0","108"
"110","8","亞洲地區(Asia)","554","511","524","640","2110","2536","1876","1364","2493","1135","1813","1080","1174","672","18482"
"110","8","非洲地區(Africa)","0","0","0","0","0","0","1","0","1","0","0","0","0","0","2"
"110","8","美洲地區(Americas)","543","554","1262","1134","3505","3515","846","1092","720","1294","874","1366","1013","1201","18919"
"110","8","大洋洲地區(Oceania)","24","20","19","20","73","82","81","96","68","93","63","99","59","67","864"
"110","8","歐洲地區(Europe)","42","45","57","56","171","305","61","94","45","80","27","62","10","23","1078"
"110","8","其他未列明(Unknow)","0","0","0","0","17","1","17","1","12","0","22","0","8","0","78"
"110","9","亞洲地區(Asia)","312","286","282","303","2346","2658","1966","1363","2873","938","1871","909","1103","579","17789"
"110","9","非洲地區(Africa)","0","0","0","0","1","0","1","0","0","0","2","0","2","0","6"
"110","9","美洲地區(Americas)","149","135","254","263","998","984","532","607","460","447","470","638","898","1093","7928"
"110","9","大洋洲地區(Oceania)","14","12","16","12","102","134","116","140","93","100","91","100","52","54","1036"
"110","9","歐洲地區(Europe)","30","27","49","62","299","454","70","83","43","70","38","42","14","24","1305"
"110","9","其他未列明(Unknow)","0","0","0","0","7","1","15","0","11","0","8","0","25","1","68"
"110","10","亞洲地區(Asia)","292","287","114","89","1521","1299","2370","1378","3391","1163","2622","1049","1587","849","18011"
"110","10","非洲地區(Africa)","0","0","1","0","0","0","1","0","1","0","1","1","1","1","7"
"110","10","美洲地區(Americas)","119","117","26","40","400","518","589","634","523","501","487","692","918","1126","6690"
"110","10","大洋洲地區(Oceania)","4","13","4","1","47","50","91","70","51","44","36","23","23","16","473"
"110","10","歐洲地區(Europe)","16","17","10","8","81","108","54","72","69","44","60","39","33","24","635"
"110","10","其他未列明(Unknow)","0","0","0","0","23","0","17","3","20","3","17","3","24","2","112"
"110","11","亞洲地區(Asia)","321","280","86","49","1041","951","2115","1217","3005","1087","2115","1106","1674","1037","16084"
"110","11","非洲地區(Africa)","0","0","0","0","0","2","4","1","1","1","3","2","1","0","15"
"110","11","美洲地區(Americas)","73","76","18","18","209","248","417","381","449","381","480","677","993","1222","5642"
"110","11","大洋洲地區(Oceania)","7","7","1","2","7","3","8","11","9","12","2","11","25","29","134"
"110","11","歐洲地區(Europe)","8","6","4","2","43","48","46","68","60","46","34","33","22","15","435"
"110","11","其他未列明(Unknow)","0","2","0","0","18","2","32","3","13","0","12","1","8","0","91"
"110","12","亞洲地區(Asia)","541","509","116","123","1166","1174","2050","1746","2608","1423","2171","1437","1549","1192","17805"
"110","12","非洲地區(Africa)","1","0","0","0","3","1","1","0","1","2","1","1","0","0","11"
"110","12","美洲地區(Americas)","124","158","90","85","455","552","449","657","459","596","618","952","1199","1320","7714"
"110","12","大洋洲地區(Oceania)","20","16","5","5","41","36","76","72","77","75","51","39","54","57","624"
"110","12","歐洲地區(Europe)","11","15","7","1","30","73","40","71","29","42","11","40","21","28","419"
"110","12","其他未列明(Unknow)","0","0","1","0","13","2","15","3","15","1","8","3","6","6","73"
"111","1","亞洲地區(Asia)","644","614","248","248","1254","1536","1682","1726","1882","1515","1537","949","1129","782","15746"
"111","1","非洲地區(Africa)","0","0","2","0","0","0","1","0","1","0","0","0","1","1","6"
"111","1","美洲地區(Americas)","139","152","168","169","1016","1043","795","881","536","595","555","729","975","997","8750"
"111","1","大洋洲地區(Oceania)","28","22","28","16","85","103","39","43","32","43","29","48","61","64","641"
"111","1","歐洲地區(Europe)","15","18","15","20","99","174","49","76","39","55","31","50","13","23","677"
"111","1","其他未列明(Unknow)","0","0","0","0","15","2","23","1","28","0","14","0","22","0","105"
"111","2","亞洲地區(Asia)","1273","1195","463","395","2885","2871","6459","3899","10202","3402","9096","2452","4197","1206","49995"
"111","2","非洲地區(Africa)","2","0","0","1","1","3","0","1","3","0","5","0","2","0","18"
"111","2","美洲地區(Americas)","164","190","36","45","487","574","724","812","537","601","509","729","865","1048","7321"
"111","2","大洋洲地區(Oceania)","29","20","38","27","229","292","53","71","40","55","24","27","45","62","1012"
"111","2","歐洲地區(Europe)","20","24","14","11","96","184","120","170","71","75","44","61","27","28","945"
"111","2","其他未列明(Unknow)","0","0","0","0","13","0","17","0","18","0","13","1","9","0","71"
"111","3","亞洲地區(Asia)","712","711","143","127","2824","2469","4086","3075","5246","2532","4376","1954","3155","1431","32841"
"111","3","非洲地區(Africa)","3","1","0","0","1","2","1","2","1","2","1","0","1","1","16"
"111","3","美洲地區(Americas)","141","153","60","35","437","498","756","802","669","588","655","946","1438","1764","8942"
"111","3","大洋洲地區(Oceania)","32","38","10","9","102","106","86","127","51","85","64","101","134","159","1104"
"111","3","歐洲地區(Europe)","23","19","7","6","110","184","127","157","100","106","63","77","39","52","1070"
"111","3","其他未列明(Unknow)","0","0","1","0","25","3","22","2","23","0","23","1","16","0","116"
"111","4","亞洲地區(Asia)","735","708","190","180","2470","2305","3524","2843","3973","2163","3217","1538","2493","1317","27656"
"111","4","非洲地區(Africa)","0","0","0","0","0","0","1","2","1","1","0","0","0","0","5"
"111","4","美洲地區(Americas)","149","161","152","72","483","567","745","899","711","679","752","1205","1845","2170","10590"
"111","4","大洋洲地區(Oceania)","32","26","11","12","96","116","73","130","69","71","62","80","160","188","1126"
"111","4","歐洲地區(Europe)","26","35","21","17","120","143","130","194","94","101","65","117","65","90","1218"
"111","4","其他未列明(Unknow)","0","0","0","0","25","1","15","3","17","2","10","0","7","1","81"
"111","5","亞洲地區(Asia)","875","834","154","184","1980","1879","3517","3236","3630","2642","2978","1876","2550","1667","28002"
"111","5","非洲地區(Africa)","1","1","0","0","0","0","0","1","1","2","3","0","2","1","12"
"111","5","美洲地區(Americas)","241","269","101","82","634","768","884","1074","936","850","1121","1776","2490","3008","14234"
"111","5","大洋洲地區(Oceania)","31","29","12","10","95","124","93","119","53","76","59","111","185","237","1234"
"111","5","歐洲地區(Europe)","47","52","73","96","151","211","190","307","177","175","132","195","103","138","2047"
"111","5","其他未列明(Unknow)","0","0","0","0","13","0","13","0","16","0","13","0","17","1","73"
"111","6","亞洲地區(Asia)","1809","1787","629","775","3090","3417","4386","4474","4730","4082","3738","2690","3042","2024","40673"
"111","6","非洲地區(Africa)","0","2","0","4","0","2","0","6","0","2","1","0","3","1","21"
"111","6","美洲地區(Americas)","635","653","481","493","1199","1800","1184","1548","1325","1502","1399","2005","3051","3662","20937"
"111","6","大洋洲地區(Oceania)","97","91","39","43","136","201","105","230","121","179","91","178","289","346","2146"
"111","6","歐洲地區(Europe)","104","110","44","68","181","302","276","391","298","323","248","310","154","182","2991"
"111","6","其他未列明(Unknow)","0","0","0","2","22","2","22","2","14","3","18","1","10","6","102"
"111","7","亞洲地區(Asia)","3759","3743","2293","2551","4784","5646","6008","7157","7874","7795","5964","4333","4358","2904","69169"
"111","7","非洲地區(Africa)","1","1","1","1","0","1","3","2","0","0","2","2","2","0","16"
"111","7","美洲地區(Americas)","1264","1213","1118","1209","1648","2051","1473","1899","2050","2709","1767","2588","2508","2997","26494"
"111","7","大洋洲地區(Oceania)","120","106","161","129","323","496","150","270","160","241","133","210","244","275","3018"
"111","7","歐洲地區(Europe)","107","127","151","101","260","388","321","418","341","372","271","342","207","223","3629"
"111","7","其他未列明(Unknow)","0","0","0","1","17","3","14","1","12","2","10","1","7","1","69"
"111","8","亞洲地區(Asia)","3898","3606","2374","2649","6184","8518","7707","8176","10053","8796","7843","5461","5481","3133","83879"
"111","8","非洲地區(Africa)","0","0","2","0","1","3","0","1","2","0","2","2","2","0","15"
"111","8","美洲地區(Americas)","1545","1633","2233","2296","3793","4153","1565","2129","2371","3735","2175","3257","2302","2567","35754"
"111","8","大洋洲地區(Oceania)","79","79","65","52","248","396","230","353","191","212","168","218","292","335","2918"
"111","8","歐洲地區(Europe)","349","293","239","249","544","1020","405","719","392","714","297","467","207","238","6133"
"111","8","其他未列明(Unknow)","0","0","4","1","20","1","17","7","16","2","24","0","18","2","112"
"111","9","亞洲地區(Asia)","1823","1786","809","906","6945","8979","9318","9498","11521","8632","9293","6702","7323","4903","88438"
"111","9","非洲地區(Africa)","0","0","0","0","4","3","2","3","6","1","3","0","5","1","28"
"111","9","美洲地區(Americas)","461","458","551","548","2196","2409","1868","2150","2028","1890","1939","2504","3175","3678","25855"
"111","9","大洋洲地區(Oceania)","80","59","37","50","271","478","272","377","203","243","181","300","389","435","3375"
"111","9","歐洲地區(Europe)","115","152","174","225","1043","1646","859","1047","900","816","629","706","389","338","9039"
"111","9","其他未列明(Unknow)","0","0","0","1","31","5","23","3","24","4","10","5","12","11","129"
"111","10","亞洲地區(Asia)","2809","2531","848","865","8170","11254","16445","17337","17406","13898","13503","10776","11122","8083","135047"
"111","10","非洲地區(Africa)","0","0","0","0","0","2","1","1","4","3","2","5","1","0","19"
"111","10","美洲地區(Americas)","261","327","104","101","1120","1326","2149","2285","2581","1878","2173","2520","3601","4006","24432"
"111","10","大洋洲地區(Oceania)","120","126","67","67","339","599","393","657","283","371","221","376","500","590","4709"
"111","10","歐洲地區(Europe)","88","66","79","92","566","814","894","1129","982","817","730","816","541","454","8068"
"111","10","其他未列明(Unknow)","0","0","0","0","6","1","7","0","8","1","6","0","12","3","44"
"111","11","亞洲地區(Asia)","5111","5059","1239","1332","13352","19610","27526","31437","26653","24319","20244","19734","17885","16295","229796"
"111","11","非洲地區(Africa)","0","0","2","4","2","1","3","4","2","2","1","2","1","3","27"
"111","11","美洲地區(Americas)","463","438","108","122","1012","1281","2099","2466","2400","2310","2317","3037","5241","6542","29836"
"111","11","大洋洲地區(Oceania)","109","111","25","41","351","539","558","748","395","460","331","520","710","833","5731"
"111","11","歐洲地區(Europe)","116","94","61","60","561","845","1253","1492","1366","1297","1079","1291","760","802","11077"
"111","11","其他未列明(Unknow)","0","0","0","0","14","3","22","2","16","1","23","2","19","1","103"
"111","12","亞洲地區(Asia)","10543","10125","3162","3595","22422","34514","41116","49018","33104","35835","23461","26762","21333","21630","336620"
"111","12","非洲地區(Africa)","1","1","0","0","1","1","7","2","2","2","3","1","0","1","22"
"111","12","美洲地區(Americas)","871","902","350","512","1524","2165","2416","3219","2518","2944","2568","3643","6156","7569","37357"
"111","12","大洋洲地區(Oceania)","253","241","109","118","500","794","685","1067","568","688","473","827","1007","1238","8568"
"111","12","歐洲地區(Europe)","215","197","70","96","607","1132","1207","1732","771","1169","765","1301","610","770","10642"
"111","12","其他未列明(Unknow)","0","0","0","0","31","0","23","4","25","2","17","0","26","1","129"
"112","1","亞洲地區(Asia)","32604","31470","18396","19744","38271","53104","55012","68776","59507","72365","43311","46920","33763","34540","607783"
"112","1","非洲地區(Africa)","1","2","1","0","2","2","13","12","5","7","3","2","4","5","59"
"112","1","美洲地區(Americas)","1589","1595","1425","1533","4406","5254","3911","4817","3997","4548","3522","4249","5077","5488","51411"
"112","1","大洋洲地區(Oceania)","1100","1032","784","734","816","1177","1075","1810","1216","1932","840","1214","1129","1319","16178"
"112","1","歐洲地區(Europe)","543","564","590","689","1491","2414","1811","2740","1635","2526","1494","2227","999","1111","20834"
"112","1","其他未列明(Unknow)","0","0","3","13","19","8","36","9","28","10","24","10","40","9","209"
"112","2","亞洲地區(Asia)","22930","22245","10090","11375","37901","54367","65661","72685","65941","62024","49166","42919","40272","33717","591293"
"112","2","非洲地區(Africa)","0","1","0","0","2","1","5","2","2","3","1","0","1","0","18"
"112","2","美洲地區(Americas)","519","598","153","164","1505","1793","2664","3346","2560","2686","2276","2977","4531","5895","31667"
"112","2","大洋洲地區(Oceania)","550","519","289","287","1429","2150","1428","2081","909","1266","678","1167","1214","1532","15499"
"112","2","歐洲地區(Europe)","207","217","97","148","813","1400","1797","2411","1367","1626","1084","1407","749","1002","14325"
"112","2","其他未列明(Unknow)","0","0","0","0","25","2","37","5","21","3","19","5","13","11","141"
"112","3","亞洲地區(Asia)","17242","16946","4195","4938","38728","59491","72041","85598","65791","67944","53884","59625","58223","56639","661285"
"112","3","非洲地區(Africa)","0","0","0","0","3","0","4","5","2","1","3","3","2","1","24"
"112","3","美洲地區(Americas)","632","708","506","382","1541","1941","2896","3569","3446","3087","2925","3567","6395","8306","39901"
"112","3","大洋洲地區(Oceania)","321","321","94","96","806","1327","1325","1894","846","991","678","986","1242","1570","12497"
"112","3","歐洲地區(Europe)","238","240","84","97","1021","1927","2692","3611","1984","2465","1670","2567","1610","2188","22394"
"112","3","其他未列明(Unknow)","0","0","0","0","48","2","35","7","29","3","22","4","22","10","182"
"112","4","亞洲地區(Asia)","23488","23148","6747","7840","39844","61473","75545","88759","76916","77431","64675","66997","73230","69259","755352"
"112","4","非洲地區(Africa)","1","2","0","0","1","2","3","1","4","6","1","4","2","1","28"
"112","4","美洲地區(Americas)","641","643","363","324","1282","1617","2711","3108","3109","2934","2918","3643","6873","8666","38832"
"112","4","大洋洲地區(Oceania)","492","495","182","152","650","1113","1227","1868","883","1189","604","1051","1418","1800","13124"
"112","4","歐洲地區(Europe)","255","305","108","135","906","1499","2246","2894","1903","2271","1577","2605","2139","2781","21624"
"112","4","其他未列明(Unknow)","31","20","5","10","55","30","57","55","90","105","166","151","203","246","1224"
"112","5","亞洲地區(Asia)","20624","20600","7346","8815","42284","63393","78242","90419","80991","77971","69052","70820","81691","78356","790604"
"112","5","非洲地區(Africa)","0","0","0","0","2","0","2","1","1","1","0","1","1","3","12"
"112","5","美洲地區(Americas)","526","563","228","224","1822","2264","3077","3482","3202","2836","3779","5019","8616","10651","46289"
"112","5","大洋洲地區(Oceania)","234","231","138","230","708","1033","927","1457","679","974","616","1097","1347","1641","11312"
"112","5","歐洲地區(Europe)","238","285","109","157","1014","1700","2487","3349","2020","2464","2128","3451","3144","4190","26736"
"112","5","其他未列明(Unknow)","73","104","25","17","120","132","176","159","189","217","323","383","386","576","2880"
"112","6","亞洲地區(Asia)","39994","39710","19974","24554","64371","99134","88128","106731","96153","109999","79928","87136","83793","82071","1021676"
"112","6","非洲地區(Africa)","0","0","0","0","2","3","3","2","2","0","0","0","0","2","14"
"112","6","美洲地區(Americas)","2473","2405","1591","1738","2714","3891","3150","3990","4416","5091","3950","5044","7143","8792","56388"
"112","6","大洋洲地區(Oceania)","580","553","350","457","1030","1661","1032","1576","918","1319","761","1187","1259","1560","14243"
"112","6","歐洲地區(Europe)","714","741","818","885","1508","2477","2986","4013","2868","3681","2948","4029","2990","3502","34160"
"112","6","其他未列明(Unknow)","166","160","84","92","220","275","242","263","359","427","502","560","666","737","4753"
"112","7","亞洲地區(Asia)","74927","72171","57267","63956","53712","77022","69250","88410","119928","144850","85842","81840","71287","68423","1128885"
"112","7","非洲地區(Africa)","3","2","2","1","3","2","3","7","2","4","1","2","2","3","37"
"112","7","美洲地區(Americas)","4060","3944","3448","3719","2807","3210","2904","3629","5256","7351","3829","4791","4543","5534","59025"
"112","7","大洋洲地區(Oceania)","1170","1051","1220","1276","1067","1649","793","1321","1267","2097","859","1218","792","941","16721"
"112","7","歐洲地區(Europe)","1319","1285","1575","1909","1468","2290","1465","2169","2306","3778","2348","3487","1633","2107","29139"
"112","7","其他未列明(Unknow)","75","92","53","67","76","57","77","88","151","168","225","234","286","366","2015"
"112","8","亞洲地區(Asia)","61767","59688","42074","46150","62684","88911","76624","91984","111933","128349","85058","84527","73341","70396","1083486"
"112","8","非洲地區(Africa)","0","0","0","0","3","1","2","0","4","1","8","3","2","1","25"
"112","8","美洲地區(Americas)","2546","2654","2910","3011","4827","5031","2547","3184","3874","5888","3644","4829","3739","4191","52875"
"112","8","大洋洲地區(Oceania)","740","687","707","751","996","1572","898","1318","1115","1678","928","1268","1046","1234","14938"
"112","8","歐洲地區(Europe)","1000","1024","989","1185","1557","2645","1542","2337","1845","3237","2103","3491","1934","2394","27283"
"112","8","其他未列明(Unknow)","241","242","117","121","124","137","155","220","315","387","380","394","435","593","3861"
"112","9","亞洲地區(Asia)","23023","22523","6289","7687","64338","94791","99362","115867","89521","94495","78512","93119","94855","96432","980814"
"112","9","非洲地區(Africa)","3","3","0","0","3","7","7","5","2","3","4","3","4","3","47"
"112","9","美洲地區(Americas)","725","757","749","778","3072","3713","3483","4311","3577","3498","3503","4701","6641","7905","47413"
"112","9","大洋洲地區(Oceania)","296","298","122","121","836","1475","1155","1811","860","1309","824","1390","1360","1739","13596"
"112","9","歐洲地區(Europe)","327","354","266","274","1929","3356","3249","4182","2722","3354","2845","4615","3445","4397","35315"
"112","9","其他未列明(Unknow)","105","101","25","26","135","164","166","172","204","241","307","351","407","579","2983"
"112","10","亞洲地區(Asia)","28004","27641","6816","7931","62242","93098","113164","129700","107268","107709","96228","109252","117195","120558","1126806"
"112","10","非洲地區(Africa)","1","2","0","0","0","0","8","7","3","3","2","2","3","1","32"
"112","10","美洲地區(Americas)","480","531","164","186","2108","2491","3803","4093","4064","3428","3502","4157","6196","7353","42556"
"112","10","大洋洲地區(Oceania)","437","409","121","121","910","1544","1498","2077","985","1406","799","1575","1559","2022","15463"
"112","10","歐洲地區(Europe)","211","195","131","183","1279","2149","3072","4257","2395","3361","2629","4610","3687","5082","33241"
"112","10","其他未列明(Unknow)","2","2","3","1","41","8","38","8","44","12","34","28","145","179","545"
"112","11","亞洲地區(Asia)","21312","21610","5006","5971","53364","79449","98201","115590","97036","100888","87388","103075","112677","118089","1019656"
"112","11","非洲地區(Africa)","0","2","0","0","1","1","1","2","3","2","2","1","1","3","19"
"112","11","美洲地區(Americas)","463","430","155","148","1522","1722","2880","3152","3050","2891","2971","3710","6578","8173","37845"
"112","11","大洋洲地區(Oceania)","237","262","61","50","724","1224","1144","1587","838","1109","851","1455","1653","2204","13399"
"112","11","歐洲地區(Europe)","196","217","86","102","1067","1681","2458","3159","2319","2911","2238","3505","2538","3482","25959"
"112","11","其他未列明(Unknow)","0","0","0","0","16","2","22","1","17","0","13","1","23","3","98"
"112","12","亞洲地區(Asia)","27270","26932","8548","10249","62488","93790","106219","123770","95346","99951","76365","85604","83578","84564","984674"
"112","12","非洲地區(Africa)","3","0","0","0","0","0","3","6","6","3","1","1","1","1","25"
"112","12","美洲地區(Americas)","786","806","316","353","2021","2596","2997","3738","2823","3038","2990","3862","5863","7072","39261"
"112","12","大洋洲地區(Oceania)","408","365","130","149","727","1202","1100","1618","774","1074","709","1204","1314","1766","12540"
"112","12","歐洲地區(Europe)","305","291","107","146","1112","1975","2100","3167","1331","2394","1307","2640","1237","1919","20031"
"112","12","其他未列明(Unknow)","5","2","2","2","36","7","57","13","26","12","34","18","41","20","275"
"113","1","亞洲地區(Asia)","62053","60954","33202","36666","68065","96430","95212","113703","123569","140790","90523","94365","84372","84874","1184778"
"113","1","非洲地區(Africa)","2","1","3","4","6","2","13","7","8","6","9","4","3","3","71"
"113","1","美洲地區(Americas)","1410","1437","1599","1668","5002","5246","4227","4430","4475","4498","3688","4057","6197","7078","55012"
"113","1","大洋洲地區(Oceania)","1178","1139","855","884","982","1426","1069","1644","1353","2185","858","1330","1227","1606","17736"
"113","1","歐洲地區(Europe)","518","595","651","744","1716","2769","2144","2999","2013","2871","1676","2675","1135","1524","24030"
"113","1","其他未列明(Unknow)","1","0","0","0","19","3","28","7","16","4","20","5","13","8","124"
"113","2","亞洲地區(Asia)","62236","59632","33965","35226","79279","104003","119784","135285","130159","140177","102258","103409","94210","93201","1292824"
"113","2","非洲地區(Africa)","1","1","0","1","2","1","4","8","6","3","4","2","4","1","38"
"113","2","美洲地區(Americas)","1122","1166","649","561","2326","2678","3971","4600","3683","4147","3538","4587","6669","8115","47812"
"113","2","大洋洲地區(Oceania)","798","755","444","491","1840","2669","1687","2494","1350","1880","1090","1702","1896","2451","21547"
"113","2","歐洲地區(Europe)","555","527","390","427","1625","2478","2770","4063","2180","3025","2148","2989","1774","2134","27085"
"113","2","其他未列明(Unknow)","3","3","1","1","20","14","27","8","37","6","19","6","15","8","168"
"113","3","亞洲地區(Asia)","31557","31589","7276","9469","70081","106451","123663","147532","109369","120110","94267","117813","123459","139673","1232309"
"113","3","非洲地區(Africa)","1","0","0","0","4","3","7","7","2","6","5","16","9","9","69"
"113","3","美洲地區(Americas)","674","760","559","408","1905","2277","3807","4142","3980","3616","3500","4111","6803","8468","45010"
"113","3","大洋洲地區(Oceania)","366","357","127","155","931","1417","1391","2087","946","1163","767","1303","1799","2416","15225"
"113","3","歐洲地區(Europe)","314","340","92","115","1191","2216","3209","4434","2162","3235","2133","3669","2504","3626","29240"
"113","3","其他未列明(Unknow)","0","0","0","0","23","2","18","2","17","3","17","4","22","10","118"
"113","4","亞洲地區(Asia)","36339","35867","14853","17841","64445","94603","117523","137848","116002","125993","101458","119804","131091","141337","1255004"
"113","4","非洲地區(Africa)","0","1","0","0","0","2","3","4","4","6","1","6","3","4","34"
"113","4","美洲地區(Americas)","735","800","541","563","1825","1980","3569","3853","4004","3594","3671","4322","7956","9866","47279"
"113","4","大洋洲地區(Oceania)","447","429","213","199","792","1351","1265","1800","990","1366","835","1536","1819","2438","15480"
"113","4","歐洲地區(Europe)","302","320","186","226","1100","1738","2755","3579","2443","2976","2406","3777","3298","4509","29615"
"113","4","其他未列明(Unknow)","0","0","0","0","16","1","25","1","18","1","14","1","20","14","111"
"113","5","亞洲地區(Asia)","33747","33951","12978","16366","66409","101378","117555","141179","116891","124353","101143","118111","134342","142956","1261359"
"113","5","非洲地區(Africa)","0","0","0","0","2","1","2","5","2","2","2","3","3","5","27"
"113","5","美洲地區(Americas)","594","577","308","266","2217","2471","3633","3912","3897","3491","4421","5677","9679","11817","52960"
"113","5","大洋洲地區(Oceania)","259","238","185","166","766","1206","1143","1760","885","1292","772","1484","1485","2093","13734"
"113","5","歐洲地區(Europe)","313","304","199","216","1064","1768","2622","3772","2213","3172","2488","4379","4238","5822","32570"
"113","5","其他未列明(Unknow)","0","0","0","0","32","8","20","3","18","0","19","6","15","10","131"
"113","6","亞洲地區(Asia)","63911","63980","36502","42944","87942","128253","115661","140168","136668","161034","108605","123439","118239","126819","1454165"
"113","6","非洲地區(Africa)","2","0","1","0","5","3","4","1","1","0","2","4","1","1","25"
"113","6","美洲地區(Americas)","2405","2394","2045","2208","2920","3926","3238","3924","4842","5333","4248","5228","7619","9397","59727"
"113","6","大洋洲地區(Oceania)","721","640","694","757","1055","1770","1071","1569","1172","1665","985","1492","1422","1795","16808"
"113","6","歐洲地區(Europe)","812","881","871","1118","1591","2432","2571","3504","2855","3991","3012","4617","3404","4364","36023"
"113","6","其他未列明(Unknow)","0","1","0","0","14","2","19","0","22","4","23","1","15","3","104"
"113","7","亞洲地區(Asia)","95325","91770","69672","75514","72428","104768","91195","115074","151021","185547","107277","110378","93464","97303","1460736"
"113","7","非洲地區(Africa)","0","0","0","0","0","0","0","3","0","0","0","2","3","4","12"
"113","7","美洲地區(Americas)","4033","3926","3340","3579","3251","3533","3233","3758","5461","7341","4076","5170","5156","6438","62295"
"113","7","大洋洲地區(Oceania)","1477","1437","1504","1597","1244","1998","795","1386","1548","2632","1148","1635","903","1220","20524"
"113","7","歐洲地區(Europe)","1197","1237","1561","1780","1433","2292","1519","2247","2269","3725","2385","3493","1701","2285","29124"
"113","7","其他未列明(Unknow)","0","0","0","0","14","4","21","10","15","3","25","2","15","1","110"
"113","8","亞洲地區(Asia)","82728","80438","55831","61059","85030","118070","101283","121540","144464","170496","108928","114271","97310","99596","1441044"
"113","8","非洲地區(Africa)","0","0","1","0","3","1","1","0","1","1","0","1","0","0","9"
"113","8","美洲地區(Americas)","2666","2705","3322","3306","5440","5709","3204","3690","4564","6159","4452","5634","4777","5275","60903"
"113","8","大洋洲地區(Oceania)","898","895","864","831","975","1544","963","1396","1372","1948","1145","1567","1068","1409","16875"
"113","8","歐洲地區(Europe)","987","1170","1093","1207","1557","2723","1462","2325","1884","3316","2324","3674","1993","2450","28165"
"113","8","其他未列明(Unknow)","0","0","1","0","23","1","20","0","10","2","17","1","16","0","91"
"113","9","亞洲地區(Asia)","28732","28613","7776","9705","83146","119670","125214","145243","113486","120787","101585","121040","126858","136032","1267887"
"113","9","非洲地區(Africa)","0","0","0","0","2","4","0","4","1","2","2","2","0","3","20"
"113","9","美洲地區(Americas)","646","681","670","736","2964","3283","3665","3757","4046","3634","3813","4498","6590","7687","46670"
"113","9","大洋洲地區(Oceania)","242","231","131","144","835","1508","1094","1698","789","1173","804","1344","1386","1762","13141"
"113","9","歐洲地區(Europe)","271","296","250","308","1991","3471","2826","3975","2711","3431","2875","4902","3924","5212","36443"
"113","9","其他未列明(Unknow)","0","0","2","0","25","1","32","1","31","3","7","0","6","2","110"
"113","10","亞洲地區(Asia)","31149","30647","7245","8784","72652","108787","129851","151871","119094","126501","106883","130178","140079","152621","1316342"
"113","10","非洲地區(Africa)","2","0","0","0","0","3","4","6","3","1","1","0","1","2","23"
"113","10","美洲地區(Americas)","498","514","172","169","1889","2411","3672","4145","3925","3464","3656","4626","7033","8608","44782"
"113","10","大洋洲地區(Oceania)","359","363","119","132","854","1426","1104","1808","909","1299","886","1524","1638","2219","14640"
"113","10","歐洲地區(Europe)","201","222","128","154","1188","2079","2625","3788","2331","3338","2530","4600","3466","4771","31421"
"113","10","其他未列明(Unknow)","97","88","37","24","147","166","186","214","282","301","296","326","264","343","2771"
"113","11","亞洲地區(Asia)","26964","27479","6518","7640","70259","103254","122344","144242","115279","125981","104516","129183","137810","153482","1274951"
"113","11","非洲地區(Africa)","1","1","0","0","0","2","6","4","2","2","0","3","0","1","22"
"113","11","美洲地區(Americas)","483","509","153","184","1706","1922","3393","3567","3827","3347","3407","4025","7380","9133","43036"
"113","11","大洋洲地區(Oceania)","223","256","39","55","784","1385","1150","1784","905","1132","850","1506","1950","2552","14571"
"113","11","歐洲地區(Europe)","171","198","103","138","1091","1728","2490","3328","2430","3119","2335","3682","2604","3320","26737"
"113","11","其他未列明(Unknow)","78","82","7","5","75","57","99","96","117","122","65","138","217","335","1493"
"113","12","亞洲地區(Asia)","33095","33336","10624","12923","82527","120814","131372","152803","115467","123907","95410","109103","108452","114767","1244600"
"113","12","非洲地區(Africa)","2","0","0","0","0","3","3","4","1","1","1","4","2","5","26"
"113","12","美洲地區(Americas)","950","1018","401","420","2329","3111","3655","4551","3451","3658","3330","4257","7199","8597","46927"
"113","12","大洋洲地區(Oceania)","325","337","151","135","778","1186","1010","1601","717","1055","720","1296","1592","2007","12910"
"113","12","歐洲地區(Europe)","261","301","121","178","1206","2313","2121","3184","1429","2513","1469","2987","1448","2188","21719"
"113","12","其他未列明(Unknow)","2","0","0","0","34","1","44","4","33","3","23","10","31","16","201"
"114","1","亞洲地區(Asia)","80609","77222","47283","49550","91054","121011","118336","141875","143818","176122","106647","124230","104851","113972","1496580"
"114","1","非洲地區(Africa)","4","5","4","0","4","5","11","13","7","13","8","12","9","9","104"
"114","1","美洲地區(Americas)","2060","2138","2257","2233","5899","6372","4983","5873","5258","5819","4817","5524","6582","7528","67343"
"114","1","大洋洲地區(Oceania)","1197","1173","885","847","943","1370","1231","1801","1524","2243","1095","1666","1604","2055","19634"
"114","1","歐洲地區(Europe)","654","713","804","1005","2066","3171","2385","3515","2121","3253","2271","3526","1889","2293","29666"
"114","1","其他未列明(Unknow)","0","1","1","1","29","6","40","1","30","5","13","2","22","4","155"
"114","2","亞洲地區(Asia)","52425","50881","28547","32279","83728","115860","130746","145071","135882","138226","106875","106644","102454","100892","1330510"
"114","2","非洲地區(Africa)","3","0","0","0","1","0","8","9","4","4","4","3","4","6","46"
"114","2","美洲地區(Americas)","719","793","441","443","2187","2280","3830","4372","3667","3726","3308","3898","5470","7101","42235"
"114","2","大洋洲地區(Oceania)","669","645","423","434","1731","2590","1534","2266","1000","1644","888","1492","1687","2184","19187"
"114","2","歐洲地區(Europe)","345","347","196","277","1330","2255","2482","3629","1874","2762","1616","2865","1513","2167","23658"
"114","2","其他未列明(Unknow)","0","0","0","0","25","2","33","5","25","1","23","1","14","1","130"
"114","3","亞洲地區(Asia)","34226","34129","9086","11112","77007","114542","137304","160724","121421","131927","104721","129738","140304","159311","1365552"
"114","3","非洲地區(Africa)","0","0","0","0","4","1","6","5","4","3","3","11","3","6","46"
"114","3","美洲地區(Americas)","682","771","645","530","2232","2498","4298","4649","4473","3853","3924","4205","7242","9161","49163"
"114","3","大洋洲地區(Oceania)","395","369","112","131","1015","1675","1519","2327","1033","1275","825","1415","1677","2308","16076"
"114","3","歐洲地區(Europe)","249","311","126","188","1269","2158","3187","4368","2600","3362","2340","3848","2946","4129","31081"
"114","3","其他未列明(Unknow)","118","103","13","15","49","41","83","95","105","115","75","136","191","247","1386"
"114","4","亞洲地區(Asia)","45889","44887","15680","18034","68137","98034","128226","150058","129921","140344","110225","129155","145294","159993","1383877"
"114","4","非洲地區(Africa)","0","0","0","0","2","6","1","3","2","4","1","1","2","1","23"
"114","4","美洲地區(Americas)","813","834","569","465","1891","1919","3458","3935","4027","3706","3797","4179","8388","10597","48578"
"114","4","大洋洲地區(Oceania)","460","465","214","232","757","1135","1160","1870","975","1367","794","1391","1813","2424","15057"
"114","4","歐洲地區(Europe)","328","362","149","215","971","1759","2187","3250","1893","2618","1967","3569","3272","4807","27347"
"114","4","其他未列明(Unknow)","1","0","6","1","22","7","24","3","18","3","6","6","14","16","127"
"114","5","亞洲地區(Asia)","39952","40405","16684","20546","76285","114421","139474","166035","130588","142774","108765","129157","140510","152306","1417902"
"114","5","非洲地區(Africa)","2","1","0","0","0","0","1","3","1","2","1","1","2","2","16"
"114","5","美洲地區(Americas)","686","669","432","360","2239","2653","3824","4347","4112","3608","4759","6040","10173","12631","56533"
"114","5","大洋洲地區(Oceania)","402","358","195","258","832","1422","1364","1990","975","1371","769","1432","1646","2210","15224"
"114","5","歐洲地區(Europe)","322","362","425","421","1145","1905","2811","4256","2376","3570","2494","4658","4246","6203","35194"
"114","5","其他未列明(Unknow)","1","0","0","0","29","3","31","1","38","7","25","3","13","9","160"
"114","6","亞洲地區(Asia)","56630","56188","35151","41228","93580","132882","119806","143029","140087","161449","120050","137968","139876","151547","1529471"
"114","6","非洲地區(Africa)","0","0","0","1","4","3","2","1","0","2","0","1","1","4","19"
"114","6","美洲地區(Americas)","2344","2303","1829","1984","3074","3965","3634","4226","4896","5407","4791","5748","8733","10957","63891"
"114","6","大洋洲地區(Oceania)","797","707","581","681","1121","1739","1087","1604","1227","1786","1071","1530","1382","1912","17225"
"114","6","歐洲地區(Europe)","791","845","825","1041","1542","2624","2476","3543","2812","3961","3118","5013","3861","5363","37815"
"114","6","其他未列明(Unknow)","2","4","19","18","30","7","20","11","28","11","26","18","30","27","251"
"114","7","亞洲地區(Asia)","100499","96548","80057","87220","81858","116809","105379","132513","165562","201327","119043","123504","102797","106602","1619718"
"114","7","非洲地區(Africa)","0","1","0","2","3","2","4","3","3","4","3","3","1","2","31"
"114","7","美洲地區(Americas)","3912","3850","3570","3568","3013","3467","3365","4099","5765","7591","4297","5433","5534","6583","64047"
"114","7","大洋洲地區(Oceania)","1521","1398","1421","1686","1214","1776","871","1450","1570","2615","1136","1554","858","1232","20302"
"114","7","歐洲地區(Europe)","1231","1220","1600","1862","1334","2074","1291","2120","2224","3781","2406","3628","1832","2582","29185"
"114","7","其他未列明(Unknow)","3","1","6","4","50","3","17","12","24","3","21","6","15","10","175"
"114","8","亞洲地區(Asia)","88389","85094","65851","70981","95798","133152","115570","139817","160970","190012","121738","130903","111549","115685","1625509"
"114","8","非洲地區(Africa)","1","2","0","3","1","5","3","4","1","6","6","10","5","7","54"
"114","8","美洲地區(Americas)","2630","2617","3377","3404","5502","5595","3438","3937","4876","6306","4598","5695","4864","5339","62178"
"114","8","大洋洲地區(Oceania)","1221","1220","979","1003","1221","1843","1176","1812","1855","2522","1341","1809","1254","1586","20842"
"114","8","歐洲地區(Europe)","980","982","1079","1234","1494","2498","1554","2216","1834","3270","2148","3462","1956","2495","27202"
"114","8","其他未列明(Unknow)","2","4","0","1","33","4","19","8","25","11","19","5","16","10","157"
"114","9","亞洲地區(Asia)","30288","29881","8372","10904","91256","130676","143301","166563","124482","132144","110124","132849","138306","148249","1397395"
"114","9","非洲地區(Africa)","0","1","0","0","4","4","3","5","0","6","2","5","3","4","37"
"114","9","美洲地區(Americas)","720","708","640","659","3298","3673","4342","4908","4279","4043","4285","5261","7273","8751","52840"
"114","9","大洋洲地區(Oceania)","303","269","102","161","1135","1804","1365","2003","972","1326","932","1578","1472","1873","15295"
"114","9","歐洲地區(Europe)","236","272","237","327","1728","3012","2702","3715","2387","3241","2619","4346","3562","4746","33130"
"114","9","其他未列明(Unknow)","0","1","3","1","25","3","26","6","38","5","18","11","33","11","181"
"114","10","亞洲地區(Asia)","45943","45328","12289","14638","91546","132509","163386","189766","145785","159296","127102","156189","164484","183606","1631867"
"114","10","非洲地區(Africa)","1","0","0","0","6","5","13","15","3","4","7","10","7","13","84"
"114","10","美洲地區(Americas)","735","715","278","272","2382","3061","4925","5549","4875","4272","4357","5098","7325","8945","52789"
"114","10","大洋洲地區(Oceania)","455","406","169","219","954","1660","1492","2259","994","1490","890","1533","1670","2170","16361"
"114","10","歐洲地區(Europe)","248","251","109","192","1260","2309","3103","4312","2606","3624","2760","4762","3682","5053","34271"
"114","10","其他未列明(Unknow)","0","0","0","0","17","2","23","3","25","6","26","10","26","24","162"
"114","11","亞洲地區(Asia)","30822","31227","7257","9558","79188","114846","138836","164138","127936","141147","116783","145442","159107","177679","1443966"
"114","11","非洲地區(Africa)","1","1","0","1","6","14","17","19","3","12","1","7","8","15","105"
"114","11","美洲地區(Americas)","486","552","275","267","1740","2026","3704","3920","4138","3541","3857","4227","7711","9480","45924"
"114","11","大洋洲地區(Oceania)","303","262","42","57","864","1568","1359","2143","996","1401","937","1683","1975","2680","16270"
"114","11","歐洲地區(Europe)","175","201","81","95","1014","1788","2408","3432","2306","3089","2269","3650","2432","3264","26204"
"114","11","其他未列明(Unknow)","131","166","22","18","76","69","154","166","195","251","262","302","380","504","2696"
"114","12","亞洲地區(Asia)","40273","40255","13022","16165","98003","139819","157101","183380","133619","148602","110203","131596","126107","135341","1473486"
"114","12","非洲地區(Africa)","1","0","2","3","7","9","2","9","5","11","1","3","6","6","65"
"114","12","美洲地區(Americas)","978","1053","530","500","2517","3181","3706","4611","3649","3906","3626","4557","7549","9140","49503"
"114","12","大洋洲地區(Oceania)","383","375","190","190","906","1590","1300","1990","884","1359","967","1677","1944","2568","16323"
"114","12","歐洲地區(Europe)","323","326","157","263","1390","2730","2373","3673","1540","2780","1659","3288","1592","2369","24463"
"114","12","其他未列明(Unknow)","3","2","3","2","33","14","32","9","37","30","39","26","66","61","357"
"115","1","亞洲地區(Asia)","73438","72500","42372","47682","104951","140446","143722","166598","156029","179311","126827","142180","126919","134378","1657353"
"115","1","非洲地區(Africa)","3","1","3","1","2","9","6","6","3","13","6","16","9","18","96"
"115","1","美洲地區(Americas)","1606","1593","1959","1987","5546","6094","4851","5076","4996","4872","4478","4635","5637","6856","60186"
"115","1","大洋洲地區(Oceania)","1257","1169","1102","1129","1030","1553","1099","1663","1475","2522","1159","1861","1583","2111","20713"
"115","1","歐洲地區(Europe)","525","549","657","894","1794","2951","2106","3105","1916","3039","2108","3408","1462","2136","26650"
"115","1","其他未列明(Unknow)","3","1","1","3","33","2","50","7","30","16","32","28","33","37","276"
"總計(Total)","","","2517655","2454415","1325196","1490009","4136041","5880578","6458580","7449257","6936555","7311133","5766989","6265988","6224699","6417829","70634924"